Models,FPR,TPR
Logistic Regression,0.0,0.0
Logistic Regression,0.0,0.003703703703703704
Logistic Regression,0.0,0.12222222222222222
Logistic Regression,0.0072992700729927005,0.12222222222222222
Logistic Regression,0.0072992700729927005,0.32222222222222224
Logistic Regression,0.014598540145985401,0.32222222222222224
Logistic Regression,0.014598540145985401,0.3888888888888889
Logistic Regression,0.021897810218978103,0.3888888888888889
Logistic Regression,0.021897810218978103,0.43703703703703706
Logistic Regression,0.029197080291970802,0.43703703703703706
Logistic Regression,0.029197080291970802,0.4703703703703704
Logistic Regression,0.0364963503649635,0.4703703703703704
Logistic Regression,0.0364963503649635,0.5555555555555556
Logistic Regression,0.043795620437956206,0.5555555555555556
Logistic Regression,0.043795620437956206,0.5962962962962963
Logistic Regression,0.051094890510948905,0.5962962962962963
Logistic Regression,0.051094890510948905,0.6370370370370371
Logistic Regression,0.058394160583941604,0.6370370370370371
Logistic Regression,0.058394160583941604,0.6925925925925925
Logistic Regression,0.06569343065693431,0.6925925925925925
Logistic Regression,0.06569343065693431,0.7037037037037037
Logistic Regression,0.072992700729927,0.7037037037037037
Logistic Regression,0.072992700729927,0.7296296296296296
Logistic Regression,0.08759124087591241,0.7296296296296296
Logistic Regression,0.08759124087591241,0.7444444444444445
Logistic Regression,0.0948905109489051,0.7444444444444445
Logistic Regression,0.0948905109489051,0.7481481481481481
Logistic Regression,0.10218978102189781,0.7481481481481481
Logistic Regression,0.10218978102189781,0.762962962962963
Logistic Regression,0.10948905109489052,0.762962962962963
Logistic Regression,0.10948905109489052,0.7703703703703704
Logistic Regression,0.12408759124087591,0.7703703703703704
Logistic Regression,0.12408759124087591,0.7851851851851852
Logistic Regression,0.1386861313868613,0.7851851851851852
Logistic Regression,0.1386861313868613,0.7888888888888889
Logistic Regression,0.145985401459854,0.7888888888888889
Logistic Regression,0.145985401459854,0.8
Logistic Regression,0.16058394160583941,0.8
Logistic Regression,0.16058394160583941,0.8037037037037037
Logistic Regression,0.1678832116788321,0.8037037037037037
Logistic Regression,0.1678832116788321,0.8148148148148148
Logistic Regression,0.18248175182481752,0.8148148148148148
Logistic Regression,0.18248175182481752,0.8333333333333334
Logistic Regression,0.19708029197080293,0.8333333333333334
Logistic Regression,0.19708029197080293,0.8407407407407408
Logistic Regression,0.21897810218978103,0.8407407407407408
Logistic Regression,0.21897810218978103,0.8481481481481481
Logistic Regression,0.22627737226277372,0.8481481481481481
Logistic Regression,0.22627737226277372,0.8518518518518519
Logistic Regression,0.23357664233576642,0.8518518518518519
Logistic Regression,0.23357664233576642,0.8555555555555555
Logistic Regression,0.24087591240875914,0.8555555555555555
Logistic Regression,0.24087591240875914,0.8592592592592593
Logistic Regression,0.24817518248175183,0.8592592592592593
Logistic Regression,0.24817518248175183,0.8629629629629629
Logistic Regression,0.27007299270072993,0.8629629629629629
Logistic Regression,0.27007299270072993,0.8666666666666667
Logistic Regression,0.31386861313868614,0.8666666666666667
Logistic Regression,0.31386861313868614,0.8703703703703703
Logistic Regression,0.34306569343065696,0.8703703703703703
Logistic Regression,0.34306569343065696,0.8814814814814815
Logistic Regression,0.3795620437956204,0.8814814814814815
Logistic Regression,0.3795620437956204,0.8888888888888888
Logistic Regression,0.39416058394160586,0.8888888888888888
Logistic Regression,0.39416058394160586,0.8925925925925926
Logistic Regression,0.40145985401459855,0.8925925925925926
Logistic Regression,0.40145985401459855,0.9
Logistic Regression,0.4306569343065693,0.9
Logistic Regression,0.4306569343065693,0.9074074074074074
Logistic Regression,0.43795620437956206,0.9074074074074074
Logistic Regression,0.43795620437956206,0.9185185185185185
Logistic Regression,0.45255474452554745,0.9185185185185185
Logistic Regression,0.45255474452554745,0.9222222222222223
Logistic Regression,0.45985401459854014,0.9222222222222223
Logistic Regression,0.45985401459854014,0.9259259259259259
Logistic Regression,0.48175182481751827,0.9259259259259259
Logistic Regression,0.48175182481751827,0.9333333333333333
Logistic Regression,0.5036496350364964,0.9333333333333333
Logistic Regression,0.5036496350364964,0.937037037037037
Logistic Regression,0.5109489051094891,0.937037037037037
Logistic Regression,0.5109489051094891,0.9407407407407408
Logistic Regression,0.5182481751824818,0.9407407407407408
Logistic Regression,0.5182481751824818,0.9444444444444444
Logistic Regression,0.5328467153284672,0.9444444444444444
Logistic Regression,0.5328467153284672,0.9481481481481482
Logistic Regression,0.5693430656934306,0.9481481481481482
Logistic Regression,0.5693430656934306,0.9518518518518518
Logistic Regression,0.583941605839416,0.9518518518518518
Logistic Regression,0.583941605839416,0.9555555555555556
Logistic Regression,0.5912408759124088,0.9555555555555556
Logistic Regression,0.5912408759124088,0.9592592592592593
Logistic Regression,0.6058394160583942,0.9592592592592593
Logistic Regression,0.6058394160583942,0.9666666666666667
Logistic Regression,0.6423357664233577,0.9666666666666667
Logistic Regression,0.6423357664233577,0.9703703703703703
Logistic Regression,0.6496350364963503,0.9703703703703703
Logistic Regression,0.6496350364963503,0.9777777777777777
Logistic Regression,0.6715328467153284,0.9777777777777777
Logistic Regression,0.6715328467153284,0.9814814814814815
Logistic Regression,0.7226277372262774,0.9814814814814815
Logistic Regression,0.7226277372262774,0.9851851851851852
Logistic Regression,0.7445255474452555,0.9851851851851852
Logistic Regression,0.7445255474452555,0.9888888888888889
Logistic Regression,0.8248175182481752,0.9888888888888889
Logistic Regression,0.8248175182481752,0.9925925925925926
Logistic Regression,0.8613138686131386,0.9925925925925926
Logistic Regression,0.8613138686131386,1.0
Logistic Regression,1.0,1.0
Decision Tree,0.0,0.0
Decision Tree,0.3722627737226277,0.8148148148148148
Decision Tree,1.0,1.0
Random Forest,0.0,0.0
Random Forest,0.0,0.014814814814814815
Random Forest,0.0,0.03333333333333333
Random Forest,0.0,0.05925925925925926
Random Forest,0.0,0.07037037037037037
Random Forest,0.0,0.1037037037037037
Random Forest,0.0,0.14444444444444443
Random Forest,0.0,0.16666666666666666
Random Forest,0.0,0.21851851851851853
Random Forest,0.0072992700729927005,0.25555555555555554
Random Forest,0.014598540145985401,0.2777777777777778
Random Forest,0.014598540145985401,0.34074074074074073
Random Forest,0.014598540145985401,0.37777777777777777
Random Forest,0.021897810218978103,0.42592592592592593
Random Forest,0.021897810218978103,0.4444444444444444
Random Forest,0.021897810218978103,0.4925925925925926
Random Forest,0.021897810218978103,0.5148148148148148
Random Forest,0.029197080291970802,0.5481481481481482
Random Forest,0.058394160583941604,0.5740740740740741
Random Forest,0.072992700729927,0.5888888888888889
Random Forest,0.08029197080291971,0.6111111111111112
Random Forest,0.08759124087591241,0.6185185185185185
Random Forest,0.0948905109489051,0.6444444444444445
Random Forest,0.0948905109489051,0.662962962962963
Random Forest,0.0948905109489051,0.6925925925925925
Random Forest,0.0948905109489051,0.7
Random Forest,0.10948905109489052,0.7148148148148148
Random Forest,0.12408759124087591,0.7222222222222222
Random Forest,0.13138686131386862,0.7518518518518519
Random Forest,0.1386861313868613,0.762962962962963
Random Forest,0.145985401459854,0.762962962962963
Random Forest,0.145985401459854,0.7851851851851852
Random Forest,0.145985401459854,0.7888888888888889
Random Forest,0.145985401459854,0.8
Random Forest,0.145985401459854,0.8074074074074075
Random Forest,0.145985401459854,0.8185185185185185
Random Forest,0.15328467153284672,0.8296296296296296
Random Forest,0.15328467153284672,0.8444444444444444
Random Forest,0.16058394160583941,0.8481481481481481
Random Forest,0.1678832116788321,0.8592592592592593
Random Forest,0.1678832116788321,0.8629629629629629
Random Forest,0.1897810218978102,0.8666666666666667
Random Forest,0.19708029197080293,0.8666666666666667
Random Forest,0.20437956204379562,0.8777777777777778
Random Forest,0.22627737226277372,0.8777777777777778
Random Forest,0.24087591240875914,0.8888888888888888
Random Forest,0.27007299270072993,0.8925925925925926
Random Forest,0.2773722627737226,0.8925925925925926
Random Forest,0.2773722627737226,0.8962962962962963
Random Forest,0.2846715328467153,0.9
Random Forest,0.30656934306569344,0.9037037037037037
Random Forest,0.3284671532846715,0.9111111111111111
Random Forest,0.3284671532846715,0.9148148148148149
Random Forest,0.3357664233576642,0.9259259259259259
Random Forest,0.36496350364963503,0.9259259259259259
Random Forest,0.3722627737226277,0.9296296296296296
Random Forest,0.38686131386861317,0.9296296296296296
Random Forest,0.40875912408759124,0.9296296296296296
Random Forest,0.41605839416058393,0.9296296296296296
Random Forest,0.4233576642335766,0.937037037037037
Random Forest,0.45985401459854014,0.9444444444444444
Random Forest,0.49635036496350365,0.9481481481481482
Random Forest,0.5255474452554745,0.9518518518518518
Random Forest,0.5401459854014599,0.9518518518518518
Random Forest,0.5693430656934306,0.9592592592592593
Random Forest,0.5985401459854015,0.9629629629629629
Random Forest,0.6131386861313869,0.9629629629629629
Random Forest,0.6496350364963503,0.9666666666666667
Random Forest,0.6642335766423357,0.9703703703703703
Random Forest,0.7007299270072993,0.9740740740740741
Random Forest,0.7737226277372263,0.9740740740740741
Random Forest,0.7956204379562044,0.9740740740740741
Random Forest,0.8248175182481752,0.9740740740740741
Random Forest,0.8832116788321168,0.9814814814814815
Random Forest,0.9051094890510949,0.9814814814814815
Random Forest,0.9124087591240876,0.9814814814814815
Random Forest,0.9197080291970803,0.9851851851851852
Random Forest,0.9343065693430657,0.9888888888888889
Random Forest,0.948905109489051,0.9888888888888889
Random Forest,0.9708029197080292,0.9925925925925926
Random Forest,0.9781021897810219,1.0
Random Forest,1.0,1.0
XGBoost,0.0,0.0
XGBoost,0.0,0.003703703703703704
XGBoost,0.0,0.025925925925925925
XGBoost,0.0072992700729927005,0.025925925925925925
XGBoost,0.0072992700729927005,0.10740740740740741
XGBoost,0.0072992700729927005,0.11481481481481481
XGBoost,0.014598540145985401,0.11481481481481481
XGBoost,0.014598540145985401,0.18518518518518517
XGBoost,0.021897810218978103,0.18518518518518517
XGBoost,0.021897810218978103,0.25555555555555554
XGBoost,0.029197080291970802,0.25555555555555554
XGBoost,0.029197080291970802,0.4074074074074074
XGBoost,0.0364963503649635,0.4074074074074074
XGBoost,0.0364963503649635,0.45185185185185184
XGBoost,0.043795620437956206,0.45185185185185184
XGBoost,0.043795620437956206,0.5296296296296297
XGBoost,0.051094890510948905,0.5296296296296297
XGBoost,0.051094890510948905,0.5740740740740741
XGBoost,0.058394160583941604,0.5740740740740741
XGBoost,0.058394160583941604,0.6333333333333333
XGBoost,0.072992700729927,0.6333333333333333
XGBoost,0.072992700729927,0.6444444444444445
XGBoost,0.08029197080291971,0.6444444444444445
XGBoost,0.08029197080291971,0.6703703703703704
XGBoost,0.10218978102189781,0.6703703703703704
XGBoost,0.10218978102189781,0.7185185185185186
XGBoost,0.10948905109489052,0.7185185185185186
XGBoost,0.10948905109489052,0.7222222222222222
XGBoost,0.11678832116788321,0.7222222222222222
XGBoost,0.11678832116788321,0.7407407407407407
XGBoost,0.12408759124087591,0.7407407407407407
XGBoost,0.12408759124087591,0.7703703703703704
XGBoost,0.13138686131386862,0.7703703703703704
XGBoost,0.13138686131386862,0.8
XGBoost,0.1386861313868613,0.8
XGBoost,0.1386861313868613,0.8074074074074075
XGBoost,0.145985401459854,0.8074074074074075
XGBoost,0.145985401459854,0.8185185185185185
XGBoost,0.15328467153284672,0.8185185185185185
XGBoost,0.15328467153284672,0.8333333333333334
XGBoost,0.18248175182481752,0.8333333333333334
XGBoost,0.18248175182481752,0.8481481481481481
XGBoost,0.1897810218978102,0.8481481481481481
XGBoost,0.1897810218978102,0.8518518518518519
XGBoost,0.19708029197080293,0.8518518518518519
XGBoost,0.19708029197080293,0.8925925925925926
XGBoost,0.23357664233576642,0.8925925925925926
XGBoost,0.23357664233576642,0.9037037037037037
XGBoost,0.24817518248175183,0.9037037037037037
XGBoost,0.24817518248175183,0.9074074074074074
XGBoost,0.26277372262773724,0.9074074074074074
XGBoost,0.26277372262773724,0.9111111111111111
XGBoost,0.291970802919708,0.9111111111111111
XGBoost,0.291970802919708,0.9148148148148149
XGBoost,0.29927007299270075,0.9148148148148149
XGBoost,0.29927007299270075,0.9222222222222223
XGBoost,0.3284671532846715,0.9222222222222223
XGBoost,0.3284671532846715,0.9259259259259259
XGBoost,0.34306569343065696,0.9259259259259259
XGBoost,0.34306569343065696,0.9296296296296296
XGBoost,0.35766423357664234,0.9296296296296296
XGBoost,0.35766423357664234,0.9333333333333333
XGBoost,0.3722627737226277,0.9333333333333333
XGBoost,0.3722627737226277,0.937037037037037
XGBoost,0.38686131386861317,0.937037037037037
XGBoost,0.38686131386861317,0.9407407407407408
XGBoost,0.39416058394160586,0.9407407407407408
XGBoost,0.39416058394160586,0.9444444444444444
XGBoost,0.41605839416058393,0.9444444444444444
XGBoost,0.41605839416058393,0.9481481481481482
XGBoost,0.44525547445255476,0.9481481481481482
XGBoost,0.44525547445255476,0.9592592592592593
XGBoost,0.45255474452554745,0.9592592592592593
XGBoost,0.45255474452554745,0.9629629629629629
XGBoost,0.45985401459854014,0.9629629629629629
XGBoost,0.45985401459854014,0.9666666666666667
XGBoost,0.46715328467153283,0.9666666666666667
XGBoost,0.46715328467153283,0.9703703703703703
XGBoost,0.5693430656934306,0.9703703703703703
XGBoost,0.5693430656934306,0.9740740740740741
XGBoost,0.7664233576642335,0.9740740740740741
XGBoost,0.7664233576642335,0.9777777777777777
XGBoost,0.7737226277372263,0.9777777777777777
XGBoost,0.7737226277372263,0.9851851851851852
XGBoost,0.8029197080291971,0.9851851851851852
XGBoost,0.8029197080291971,0.9888888888888889
XGBoost,0.8102189781021898,0.9888888888888889
XGBoost,0.8102189781021898,0.9925925925925926
XGBoost,0.8905109489051095,0.9925925925925926
XGBoost,0.8905109489051095,0.9962962962962963
XGBoost,0.9343065693430657,0.9962962962962963
XGBoost,0.9343065693430657,1.0
XGBoost,1.0,1.0
